INSERT INTO usuario (apellidos,contrasenha,cuenta,activo,id_set_preferences,login_externo,nombres,id_rol) VALUES ('Ferreira','$2a$12$P2qlCklJ/A.lxWMBXwVBsOc8Jh81xDMHJPMmsAFIqjPtgSLyKTIg6','jm',1,NULL,1,'Juan',NULL);

INSERT INTO `tipo` (`id_tipo`,`descripcion_tipo`) VALUES (1,'ETAPAS DE CATEQUESIS');
INSERT INTO `tipo` (`id_tipo`,`descripcion_tipo`) VALUES (2,'ZONAS PASTORALES');
INSERT INTO `tipo` (`id_tipo`,`descripcion_tipo`) VALUES (3,'DECANATOS');
INSERT INTO `tipo` (`id_tipo`,`descripcion_tipo`) VALUES (4,'ESTADO_CIVIL');

INSERT INTO `sub_tipo` (`id_sub_tipo`,`id_tipo`,`descripcion_sub_tipo`,`id_padre`) VALUES (1,1,'NIÑOS',NULL);
INSERT INTO `sub_tipo` (`id_sub_tipo`,`id_tipo`,`descripcion_sub_tipo`,`id_padre`) VALUES (2,1,'PREADOLESCENTES',NULL);
INSERT INTO `sub_tipo` (`id_sub_tipo`,`id_tipo`,`descripcion_sub_tipo`,`id_padre`) VALUES (3,1,'ADOLESCENTES',NULL);
INSERT INTO `sub_tipo` (`id_sub_tipo`,`id_tipo`,`descripcion_sub_tipo`,`id_padre`) VALUES (4,1,'ADULTOS',NULL);
INSERT INTO `sub_tipo` (`id_sub_tipo`,`id_tipo`,`descripcion_sub_tipo`,`id_padre`) VALUES (5,2,'ZONA 1',NULL);
INSERT INTO `sub_tipo` (`id_sub_tipo`,`id_tipo`,`descripcion_sub_tipo`,`id_padre`) VALUES (6,2,'ZONA 2',NULL);
INSERT INTO `sub_tipo` (`id_sub_tipo`,`id_tipo`,`descripcion_sub_tipo`,`id_padre`) VALUES (7,2,'ZONA 3',NULL);
INSERT INTO `sub_tipo` (`id_sub_tipo`,`id_tipo`,`descripcion_sub_tipo`,`id_padre`) VALUES (8,2,'ZONA 4',NULL);
INSERT INTO `sub_tipo` (`id_sub_tipo`,`id_tipo`,`descripcion_sub_tipo`,`id_padre`) VALUES (10,3,'Decanato 9',NULL);
INSERT INTO `sub_tipo` (`id_sub_tipo`,`id_tipo`,`descripcion_sub_tipo`,`id_padre`) VALUES (11,4,'Soltero/a',NULL);
INSERT INTO `sub_tipo` (`id_sub_tipo`,`id_tipo`,`descripcion_sub_tipo`,`id_padre`) VALUES (12,4,'Casado/a',NULL);
INSERT INTO `sub_tipo` (`id_sub_tipo`,`id_tipo`,`descripcion_sub_tipo`,`id_padre`) VALUES (13,4,'Viudo/a',NULL);
INSERT INTO `sub_tipo` (`id_sub_tipo`,`id_tipo`,`descripcion_sub_tipo`,`id_padre`) VALUES (14,4,'Otros',NULL);

INSERT INTO `nivel_catequesis` (`id_nivel`,`id_etapa`,`descripcion_nivel`,`edad`,`orden`) VALUES (1,1,'PARVULOS 1',5,1);
INSERT INTO `nivel_catequesis` (`id_nivel`,`id_etapa`,`descripcion_nivel`,`edad`,`orden`) VALUES (2,1,'PARVULOS 2',6,2);
INSERT INTO `nivel_catequesis` (`id_nivel`,`id_etapa`,`descripcion_nivel`,`edad`,`orden`) VALUES (3,1,'1a ETAPA',7,3);
INSERT INTO `nivel_catequesis` (`id_nivel`,`id_etapa`,`descripcion_nivel`,`edad`,`orden`) VALUES (4,1,'2a ETAPA',8,4);
INSERT INTO `nivel_catequesis` (`id_nivel`,`id_etapa`,`descripcion_nivel`,`edad`,`orden`) VALUES (5,1,'3a ETAPA (1RA CONFESION)',9,5);
INSERT INTO `nivel_catequesis` (`id_nivel`,`id_etapa`,`descripcion_nivel`,`edad`,`orden`) VALUES (6,1,'4a ETAPA (1RA COMUNION)',10,6);
INSERT INTO `nivel_catequesis` (`id_nivel`,`id_etapa`,`descripcion_nivel`,`edad`,`orden`) VALUES (7,2,'5a ETAPA (CAVEVI 1)',11,7);
INSERT INTO `nivel_catequesis` (`id_nivel`,`id_etapa`,`descripcion_nivel`,`edad`,`orden`) VALUES (8,2,'6a ETAPA (CAVEVI 2)',12,8);
INSERT INTO `nivel_catequesis` (`id_nivel`,`id_etapa`,`descripcion_nivel`,`edad`,`orden`) VALUES (9,2,'7a ETAPA (CAVEVI 3)',13,9);
INSERT INTO `nivel_catequesis` (`id_nivel`,`id_etapa`,`descripcion_nivel`,`edad`,`orden`) VALUES (10,2,'8a ETAPA (CAVEVI 4)',14,10);
INSERT INTO `nivel_catequesis` (`id_nivel`,`id_etapa`,`descripcion_nivel`,`edad`,`orden`) VALUES (11,3,'1a CONFIRMACION',15,11);
INSERT INTO `nivel_catequesis` (`id_nivel`,`id_etapa`,`descripcion_nivel`,`edad`,`orden`) VALUES (12,3,'2a CONFIRMACION',16,12);
INSERT INTO `nivel_catequesis` (`id_nivel`,`id_etapa`,`descripcion_nivel`,`edad`,`orden`) VALUES (13,4,'ETAPA ADULTOS',0,13);

INSERT INTO `diocesis` (`id_diocesis`,`nombre`,`direccion`,`telefono`,`correo`,`datos_adicionales`) VALUES (1,'Arquidiócesis de Asunción','Alberdi 782','+595 21 490-920, 492-670','','');
INSERT INTO `parroquia` (`id_parroquia`,`id_diocesis`,`nombre`,`direccion`,`telefono`,`correo`,`datos_adicionales`,`id_decanato`) VALUES (5,1,'Ntra. Señora del Rosario (Luque)','General Aquino – Luque','642.970','','',10);
INSERT INTO `parroquia` (`id_parroquia`,`id_diocesis`,`nombre`,`direccion`,`telefono`,`correo`,`datos_adicionales`,`id_decanato`) VALUES (6,1,'Cuasi Parroquia San Rafael','','','','',10);
INSERT INTO `capilla` (`id_capilla`,`id_parroquia`,`id_zona`,`nombre`,`direccion`,`telefono`,`correo`,`datos_adicionales`) VALUES (1,5,5,'Centro','','','','');
INSERT INTO `capilla` (`id_capilla`,`id_parroquia`,`id_zona`,`nombre`,`direccion`,`telefono`,`correo`,`datos_adicionales`) VALUES (2,5,5,'San Juan 1er Barrio','','','','');
INSERT INTO `capilla` (`id_capilla`,`id_parroquia`,`id_zona`,`nombre`,`direccion`,`telefono`,`correo`,`datos_adicionales`) VALUES (3,5,5,'Nuestra Sra. Del Rosario - Bella Vista',NULL,NULL,NULL,NULL);
INSERT INTO `capilla` (`id_capilla`,`id_parroquia`,`id_zona`,`nombre`,`direccion`,`telefono`,`correo`,`datos_adicionales`) VALUES (4,5,5,'La Encarnación',NULL,NULL,NULL,NULL);
INSERT INTO `capilla` (`id_capilla`,`id_parroquia`,`id_zona`,`nombre`,`direccion`,`telefono`,`correo`,`datos_adicionales`) VALUES (5,5,5,'Virgen de Fátima',NULL,NULL,NULL,NULL);
INSERT INTO `capilla` (`id_capilla`,`id_parroquia`,`id_zona`,`nombre`,`direccion`,`telefono`,`correo`,`datos_adicionales`) VALUES (6,5,5,'Santo Tomás',NULL,NULL,NULL,NULL);
INSERT INTO `capilla` (`id_capilla`,`id_parroquia`,`id_zona`,`nombre`,`direccion`,`telefono`,`correo`,`datos_adicionales`) VALUES (7,5,5,'Cristo Rey - Primavera','P. Damián c/ Cristo Rey','','','');
INSERT INTO `capilla` (`id_capilla`,`id_parroquia`,`id_zona`,`nombre`,`direccion`,`telefono`,`correo`,`datos_adicionales`) VALUES (8,5,5,'San Juan Mártir',NULL,NULL,NULL,NULL);
INSERT INTO `capilla` (`id_capilla`,`id_parroquia`,`id_zona`,`nombre`,`direccion`,`telefono`,`correo`,`datos_adicionales`) VALUES (9,5,5,'Jesús Nazareno',NULL,NULL,NULL,NULL);
INSERT INTO `capilla` (`id_capilla`,`id_parroquia`,`id_zona`,`nombre`,`direccion`,`telefono`,`correo`,`datos_adicionales`) VALUES (10,5,5,'Inmaculada Concepción',NULL,NULL,NULL,NULL);
INSERT INTO `capilla` (`id_capilla`,`id_parroquia`,`id_zona`,`nombre`,`direccion`,`telefono`,`correo`,`datos_adicionales`) VALUES (11,5,5,'Familia de Nazareth',NULL,NULL,NULL,NULL);
INSERT INTO `capilla` (`id_capilla`,`id_parroquia`,`id_zona`,`nombre`,`direccion`,`telefono`,`correo`,`datos_adicionales`) VALUES (12,5,5,'Virgen de la Asunción',NULL,NULL,NULL,NULL);
INSERT INTO `capilla` (`id_capilla`,`id_parroquia`,`id_zona`,`nombre`,`direccion`,`telefono`,`correo`,`datos_adicionales`) VALUES (13,5,5,'Sagrado Corazón de Jesús',NULL,NULL,NULL,NULL);
INSERT INTO `capilla` (`id_capilla`,`id_parroquia`,`id_zona`,`nombre`,`direccion`,`telefono`,`correo`,`datos_adicionales`) VALUES (14,5,5,'María Auxiliadora (4to barrio)',NULL,NULL,NULL,NULL);
INSERT INTO `capilla` (`id_capilla`,`id_parroquia`,`id_zona`,`nombre`,`direccion`,`telefono`,`correo`,`datos_adicionales`) VALUES (15,5,6,'San Roque - Ykuá Karanday',NULL,NULL,NULL,NULL);
INSERT INTO `capilla` (`id_capilla`,`id_parroquia`,`id_zona`,`nombre`,`direccion`,`telefono`,`correo`,`datos_adicionales`) VALUES (16,5,6,'Virgen de Fátima - Aeropuerto',NULL,NULL,NULL,NULL);
INSERT INTO `capilla` (`id_capilla`,`id_parroquia`,`id_zona`,`nombre`,`direccion`,`telefono`,`correo`,`datos_adicionales`) VALUES (17,5,6,'Transfiguración del Señor',NULL,NULL,NULL,NULL);
INSERT INTO `capilla` (`id_capilla`,`id_parroquia`,`id_zona`,`nombre`,`direccion`,`telefono`,`correo`,`datos_adicionales`) VALUES (18,5,6,'Espiritu Santo',NULL,NULL,NULL,NULL);
INSERT INTO `capilla` (`id_capilla`,`id_parroquia`,`id_zona`,`nombre`,`direccion`,`telefono`,`correo`,`datos_adicionales`) VALUES (19,5,6,'Santo Domingo de Guzmán',NULL,NULL,NULL,NULL);
INSERT INTO `capilla` (`id_capilla`,`id_parroquia`,`id_zona`,`nombre`,`direccion`,`telefono`,`correo`,`datos_adicionales`) VALUES (20,5,6,'Virgen de Caacupé',NULL,NULL,NULL,NULL);
INSERT INTO `capilla` (`id_capilla`,`id_parroquia`,`id_zona`,`nombre`,`direccion`,`telefono`,`correo`,`datos_adicionales`) VALUES (21,5,6,'San José Esposo',NULL,NULL,NULL,NULL);
INSERT INTO `capilla` (`id_capilla`,`id_parroquia`,`id_zona`,`nombre`,`direccion`,`telefono`,`correo`,`datos_adicionales`) VALUES (22,5,6,'Cristo Rey - Moracue',NULL,NULL,NULL,NULL);
INSERT INTO `capilla` (`id_capilla`,`id_parroquia`,`id_zona`,`nombre`,`direccion`,`telefono`,`correo`,`datos_adicionales`) VALUES (23,5,6,'Jesús Buen Pastor',NULL,NULL,NULL,NULL);
INSERT INTO `capilla` (`id_capilla`,`id_parroquia`,`id_zona`,`nombre`,`direccion`,`telefono`,`correo`,`datos_adicionales`) VALUES (24,5,6,'Buen Consejo',NULL,NULL,NULL,NULL);
INSERT INTO `capilla` (`id_capilla`,`id_parroquia`,`id_zona`,`nombre`,`direccion`,`telefono`,`correo`,`datos_adicionales`) VALUES (25,5,6,'San Pedro Apóstol',NULL,NULL,NULL,NULL);
INSERT INTO `capilla` (`id_capilla`,`id_parroquia`,`id_zona`,`nombre`,`direccion`,`telefono`,`correo`,`datos_adicionales`) VALUES (26,5,8,'San Antonio Abad',NULL,NULL,NULL,NULL);
INSERT INTO `capilla` (`id_capilla`,`id_parroquia`,`id_zona`,`nombre`,`direccion`,`telefono`,`correo`,`datos_adicionales`) VALUES (27,5,8,'San José - Maramburé',NULL,NULL,NULL,NULL);
INSERT INTO `capilla` (`id_capilla`,`id_parroquia`,`id_zona`,`nombre`,`direccion`,`telefono`,`correo`,`datos_adicionales`) VALUES (28,5,8,'Ñandejara Kuruzú',NULL,NULL,NULL,NULL);
INSERT INTO `capilla` (`id_capilla`,`id_parroquia`,`id_zona`,`nombre`,`direccion`,`telefono`,`correo`,`datos_adicionales`) VALUES (29,5,8,'San Miguel - Centro Catequistico',NULL,NULL,NULL,NULL);
INSERT INTO `capilla` (`id_capilla`,`id_parroquia`,`id_zona`,`nombre`,`direccion`,`telefono`,`correo`,`datos_adicionales`) VALUES (30,5,8,'San Roque - Maramburé',NULL,NULL,NULL,NULL);
INSERT INTO `capilla` (`id_capilla`,`id_parroquia`,`id_zona`,`nombre`,`direccion`,`telefono`,`correo`,`datos_adicionales`) VALUES (31,5,8,'Nuestra Señora del Rosario - YkuaDuré',NULL,NULL,NULL,NULL);
INSERT INTO `capilla` (`id_capilla`,`id_parroquia`,`id_zona`,`nombre`,`direccion`,`telefono`,`correo`,`datos_adicionales`) VALUES (32,5,8,'María Auxiliadora',NULL,NULL,NULL,NULL);
INSERT INTO `capilla` (`id_capilla`,`id_parroquia`,`id_zona`,`nombre`,`direccion`,`telefono`,`correo`,`datos_adicionales`) VALUES (33,5,8,'Santo Rey',NULL,NULL,NULL,NULL);
INSERT INTO `capilla` (`id_capilla`,`id_parroquia`,`id_zona`,`nombre`,`direccion`,`telefono`,`correo`,`datos_adicionales`) VALUES (34,5,8,'Kuruzú Ñuatí',NULL,NULL,NULL,NULL);
INSERT INTO `capilla` (`id_capilla`,`id_parroquia`,`id_zona`,`nombre`,`direccion`,`telefono`,`correo`,`datos_adicionales`) VALUES (35,5,8,'Inmaculada Concepción - Isla Bogado',NULL,NULL,NULL,NULL);
INSERT INTO `capilla` (`id_capilla`,`id_parroquia`,`id_zona`,`nombre`,`direccion`,`telefono`,`correo`,`datos_adicionales`) VALUES (36,5,8,'San Francisco - Isla Bogado',NULL,NULL,NULL,NULL);
INSERT INTO `capilla` (`id_capilla`,`id_parroquia`,`id_zona`,`nombre`,`direccion`,`telefono`,`correo`,`datos_adicionales`) VALUES (37,5,8,'Nuestra Señora del Carmen',NULL,NULL,NULL,NULL);
INSERT INTO `capilla` (`id_capilla`,`id_parroquia`,`id_zona`,`nombre`,`direccion`,`telefono`,`correo`,`datos_adicionales`) VALUES (38,5,8,'Santísima Trinidad - Centro Catequistico',NULL,NULL,NULL,NULL);
INSERT INTO `capilla` (`id_capilla`,`id_parroquia`,`id_zona`,`nombre`,`direccion`,`telefono`,`correo`,`datos_adicionales`) VALUES (39,5,8,'San Antonio - Isla Bogado',NULL,NULL,NULL,NULL);
INSERT INTO `capilla` (`id_capilla`,`id_parroquia`,`id_zona`,`nombre`,`direccion`,`telefono`,`correo`,`datos_adicionales`) VALUES (40,5,8,'Ntra. Sra. Del Rosario de S.N.',NULL,NULL,NULL,NULL);
INSERT INTO `capilla` (`id_capilla`,`id_parroquia`,`id_zona`,`nombre`,`direccion`,`telefono`,`correo`,`datos_adicionales`) VALUES (41,5,8,'San José - Isla Bogado',NULL,NULL,NULL,NULL);
INSERT INTO `capilla` (`id_capilla`,`id_parroquia`,`id_zona`,`nombre`,`direccion`,`telefono`,`correo`,`datos_adicionales`) VALUES (42,5,8,'San Blás - Isla Bogado',NULL,NULL,NULL,NULL);
INSERT INTO `capilla` (`id_capilla`,`id_parroquia`,`id_zona`,`nombre`,`direccion`,`telefono`,`correo`,`datos_adicionales`) VALUES (43,5,8,'Divina Misericordia',NULL,NULL,NULL,NULL);
INSERT INTO `capilla` (`id_capilla`,`id_parroquia`,`id_zona`,`nombre`,`direccion`,`telefono`,`correo`,`datos_adicionales`) VALUES (44,5,8,'San Rafael - Isla Bogado',NULL,NULL,NULL,NULL);
INSERT INTO `capilla` (`id_capilla`,`id_parroquia`,`id_zona`,`nombre`,`direccion`,`telefono`,`correo`,`datos_adicionales`) VALUES (45,5,8,'San Rafael - Cañada',NULL,NULL,NULL,NULL);
INSERT INTO `capilla` (`id_capilla`,`id_parroquia`,`id_zona`,`nombre`,`direccion`,`telefono`,`correo`,`datos_adicionales`) VALUES (46,5,8,'Jesús de la Divina Misericordia - CC',NULL,NULL,NULL,NULL);
INSERT INTO `capilla` (`id_capilla`,`id_parroquia`,`id_zona`,`nombre`,`direccion`,`telefono`,`correo`,`datos_adicionales`) VALUES (47,5,8,'San Roque GSC - Makaí',NULL,NULL,NULL,NULL);
INSERT INTO `capilla` (`id_capilla`,`id_parroquia`,`id_zona`,`nombre`,`direccion`,`telefono`,`correo`,`datos_adicionales`) VALUES (48,6,8,'Dulce Nombre de Jesús','','','','');
INSERT INTO `capilla` (`id_capilla`,`id_parroquia`,`id_zona`,`nombre`,`direccion`,`telefono`,`correo`,`datos_adicionales`) VALUES (49,5,7,'Santa Elena',NULL,NULL,NULL,NULL);
INSERT INTO `capilla` (`id_capilla`,`id_parroquia`,`id_zona`,`nombre`,`direccion`,`telefono`,`correo`,`datos_adicionales`) VALUES (50,5,7,'San Buenaventura',NULL,NULL,NULL,NULL);
INSERT INTO `capilla` (`id_capilla`,`id_parroquia`,`id_zona`,`nombre`,`direccion`,`telefono`,`correo`,`datos_adicionales`) VALUES (51,5,7,'María Auxiliadora - Centro Catequistico',NULL,NULL,NULL,NULL);
INSERT INTO `capilla` (`id_capilla`,`id_parroquia`,`id_zona`,`nombre`,`direccion`,`telefono`,`correo`,`datos_adicionales`) VALUES (52,5,7,'Santa Clara',NULL,NULL,NULL,NULL);
INSERT INTO `capilla` (`id_capilla`,`id_parroquia`,`id_zona`,`nombre`,`direccion`,`telefono`,`correo`,`datos_adicionales`) VALUES (53,5,7,'Santa Librada',NULL,NULL,NULL,NULL);
INSERT INTO `capilla` (`id_capilla`,`id_parroquia`,`id_zona`,`nombre`,`direccion`,`telefono`,`correo`,`datos_adicionales`) VALUES (54,5,7,'San Agustín',NULL,NULL,NULL,NULL);
INSERT INTO `capilla` (`id_capilla`,`id_parroquia`,`id_zona`,`nombre`,`direccion`,`telefono`,`correo`,`datos_adicionales`) VALUES (55,5,7,'Las Mercedes',NULL,NULL,NULL,NULL);
INSERT INTO `capilla` (`id_capilla`,`id_parroquia`,`id_zona`,`nombre`,`direccion`,`telefono`,`correo`,`datos_adicionales`) VALUES (56,5,7,'Santa María',NULL,NULL,NULL,NULL);
INSERT INTO `capilla` (`id_capilla`,`id_parroquia`,`id_zona`,`nombre`,`direccion`,`telefono`,`correo`,`datos_adicionales`) VALUES (57,5,7,'San Ignacio',NULL,NULL,NULL,NULL);
INSERT INTO `capilla` (`id_capilla`,`id_parroquia`,`id_zona`,`nombre`,`direccion`,`telefono`,`correo`,`datos_adicionales`) VALUES (58,5,7,'Santa Lucía',NULL,NULL,NULL,NULL);
INSERT INTO `capilla` (`id_capilla`,`id_parroquia`,`id_zona`,`nombre`,`direccion`,`telefono`,`correo`,`datos_adicionales`) VALUES (59,5,7,'San Pablo - CC',NULL,NULL,NULL,NULL);
INSERT INTO `capilla` (`id_capilla`,`id_parroquia`,`id_zona`,`nombre`,`direccion`,`telefono`,`correo`,`datos_adicionales`) VALUES (60,5,7,'Cristo Redentor',NULL,NULL,NULL,NULL);
INSERT INTO `capilla` (`id_capilla`,`id_parroquia`,`id_zona`,`nombre`,`direccion`,`telefono`,`correo`,`datos_adicionales`) VALUES (61,5,7,'San Juan Bautista - Ykaa',NULL,NULL,NULL,NULL);
INSERT INTO `capilla` (`id_capilla`,`id_parroquia`,`id_zona`,`nombre`,`direccion`,`telefono`,`correo`,`datos_adicionales`) VALUES (62,5,7,'San Blas',NULL,NULL,NULL,NULL);
INSERT INTO `capilla` (`id_capilla`,`id_parroquia`,`id_zona`,`nombre`,`direccion`,`telefono`,`correo`,`datos_adicionales`) VALUES (63,5,7,'San Francisco - Itapuami',NULL,NULL,NULL,NULL);
INSERT INTO `capilla` (`id_capilla`,`id_parroquia`,`id_zona`,`nombre`,`direccion`,`telefono`,`correo`,`datos_adicionales`) VALUES (64,5,7,'Perpetuo Socorro',NULL,NULL,NULL,NULL);
INSERT INTO `capilla` (`id_capilla`,`id_parroquia`,`id_zona`,`nombre`,`direccion`,`telefono`,`correo`,`datos_adicionales`) VALUES (65,5,7,'San Antonio de Padua (Km 19)',NULL,NULL,NULL,NULL);
INSERT INTO `capilla` (`id_capilla`,`id_parroquia`,`id_zona`,`nombre`,`direccion`,`telefono`,`correo`,`datos_adicionales`) VALUES (66,5,7,'San Miguel - Km20',NULL,NULL,NULL,NULL);
INSERT INTO `capilla` (`id_capilla`,`id_parroquia`,`id_zona`,`nombre`,`direccion`,`telefono`,`correo`,`datos_adicionales`) VALUES (67,5,7,'Vic. Ntra. Sra. Del Rosario - Yukyry',NULL,NULL,NULL,NULL);
INSERT INTO `capilla` (`id_capilla`,`id_parroquia`,`id_zona`,`nombre`,`direccion`,`telefono`,`correo`,`datos_adicionales`) VALUES (68,5,7,'San Isidro Labrador',NULL,NULL,NULL,NULL);
INSERT INTO `capilla` (`id_capilla`,`id_parroquia`,`id_zona`,`nombre`,`direccion`,`telefono`,`correo`,`datos_adicionales`) VALUES (69,5,7,'Jesús Obrero',NULL,NULL,NULL,NULL);
